HITId,HITTypeId,Title,Description,Keywords,Reward,CreationTime,MaxAssignments,RequesterAnnotation,AssignmentDurationInSeconds,AutoApprovalDelayInSeconds,Expiration,NumberOfSimilarHITs,LifetimeInSeconds,AssignmentId,WorkerId,AssignmentStatus,AcceptTime,SubmitTime,AutoApprovalTime,ApprovalTime,RejectionTime,RequesterFeedback,WorkTimeInSeconds,LifetimeApprovalRate,Last30DaysApprovalRate,Last7DaysApprovalRate,Input.list,Input.trial_1,Input.trial_2,Input.trial_3,Input.trial_4,Input.trial_5,Input.trial_6,Input.trial_7,Input.trial_8,Input.trial_9,Input.trial_10,Answer.Rating1,Answer.Rating10,Answer.Rating2,Answer.Rating3,Answer.Rating4,Answer.Rating5,Answer.Rating6,Answer.Rating7,Answer.Rating8,Answer.Rating9,Answer.RatingSample1,Answer.RatingSample2,Answer.english,Answer.foreignlang,Answer.numanswered,Answer.useragent,Approve,Reject
2BC00OQKKA4IQ6T9H5T6D0EXGNGYY6,2MLW6NG1FS3N614SDQSF4SZL3XGYKS,Grammaticality Judgement Task,Decide whether 10 sentences sound natural or unnatural (Survey for native English speakers only!),"experiment, survey, language, easy, short",$0.10 ,Tue Feb 26 05:52:54 GMT 2013,7,BatchId:1049404;,3600,604800,Wed Mar 06 01:44:26 GMT 2013,,,2B0N46UXFCD4DBXV8Y4SSTKKYGGSUS,AA51ILGJ4Z5LW,Submitted,Tue Feb 26 16:50:46 GMT 2013,Tue Feb 26 16:52:17 GMT 2013,Tue Mar 05 08:52:17 PST 2013,,,,91,100% (2/2),100% (2/2),0% (0/0),0,That's the rabbit that the magician made vanish into thin air.,That's the gymnast that the coach made balance on the beam.,That's the girl that the teacher played with the doll.,That's the idea that the team made float at the meeting.,That's the wall that the carpenter broke into several pieces.,That's the engine that the mechanic ran idle for 2 hours.,That's the film that the assistant developed in the darkroom.,That's the book that the student made return to the library.,That's the student that the councilor made skip the road.,That's the gang that the officer leaned against the wall.,Y,N,Y,N,N,N,Y,Y,N,N,Y,N,Y,N,,,,
2BC00OQKKA4IQ6T9H5T6D0EXGNGYY6,2MLW6NG1FS3N614SDQSF4SZL3XGYKS,Grammaticality Judgement Task,Decide whether 10 sentences sound natural or unnatural (Survey for native English speakers only!),"experiment, survey, language, easy, short",$0.10 ,Tue Feb 26 05:52:54 GMT 2013,7,BatchId:1049404;,3600,604800,Wed Mar 06 01:44:26 GMT 2013,,,2BANMHGYQ4J3VOWNQQDFKOY0T919MP,AIPK94CUWL45W,Submitted,Wed Feb 27 04:31:37 GMT 2013,Wed Feb 27 04:32:41 GMT 2013,Tue Mar 05 20:32:41 PST 2013,,,,64,100% (1/1),100% (1/1),0% (0/0),0,That's the rabbit that the magician made vanish into thin air.,That's the gymnast that the coach made balance on the beam.,That's the girl that the teacher played with the doll.,That's the idea that the team made float at the meeting.,That's the wall that the carpenter broke into several pieces.,That's the engine that the mechanic ran idle for 2 hours.,That's the film that the assistant developed in the darkroom.,That's the book that the student made return to the library.,That's the student that the councilor made skip the road.,That's the gang that the officer leaned against the wall.,Y,N,Y,N,Y,Y,Y,Y,N,N,Y,N,Y,N,10,Mozilla/5.0 (Macintosh; Intel Mac OS X 10.7; rv:19.0) Gecko/20100101 Firefox/19.0,,
2BC00OQKKA4IQ6T9H5T6D0EXGNGYY6,2MLW6NG1FS3N614SDQSF4SZL3XGYKS,Grammaticality Judgement Task,Decide whether 10 sentences sound natural or unnatural (Survey for native English speakers only!),"experiment, survey, language, easy, short",$0.10 ,Tue Feb 26 05:52:54 GMT 2013,7,BatchId:1049404;,3600,604800,Wed Mar 06 01:44:26 GMT 2013,,,2BI6SVQ8H88MY8R2KZ2VHI1T89E6P9,A1MLJ69XSGEYB8,Submitted,Tue Feb 26 07:26:22 GMT 2013,Tue Feb 26 07:27:20 GMT 2013,Mon Mar 04 23:27:20 PST 2013,,,,58,33% (1/3),33% (1/3),0% (0/0),0,That's the rabbit that the magician made vanish into thin air.,That's the gymnast that the coach made balance on the beam.,That's the girl that the teacher played with the doll.,That's the idea that the team made float at the meeting.,That's the wall that the carpenter broke into several pieces.,That's the engine that the mechanic ran idle for 2 hours.,That's the film that the assistant developed in the darkroom.,That's the book that the student made return to the library.,That's the student that the councilor made skip the road.,That's the gang that the officer leaned against the wall.,Y,N,N,N,N,Y,Y,Y,N,N,Y,N,Y,N,10,Mozilla/5.0 (compatible; MSIE 9.0; Windows NT 6.1; WOW64; Trident/5.0; SLCC2; .NET CLR 2.0.50727; .NET CLR 3.5.30729; .NET CLR 3.0.30729; Media Center PC 6.0; InfoPath.2),,
2BC00OQKKA4IQ6T9H5T6D0EXGNGYY6,2MLW6NG1FS3N614SDQSF4SZL3XGYKS,Grammaticality Judgement Task,Decide whether 10 sentences sound natural or unnatural (Survey for native English speakers only!),"experiment, survey, language, easy, short",$0.10 ,Tue Feb 26 05:52:54 GMT 2013,7,BatchId:1049404;,3600,604800,Wed Mar 06 01:44:26 GMT 2013,,,2M1KSSZVXX2QCJFBZ1FYLNIYCZ55NZ,A1A03XN33VQGA2,Submitted,Tue Feb 26 08:26:42 GMT 2013,Tue Feb 26 08:27:32 GMT 2013,Tue Mar 05 00:27:32 PST 2013,,,,50,25% (1/4),25% (1/4),0% (0/0),0,That's the rabbit that the magician made vanish into thin air.,That's the gymnast that the coach made balance on the beam.,That's the girl that the teacher played with the doll.,That's the idea that the team made float at the meeting.,That's the wall that the carpenter broke into several pieces.,That's the engine that the mechanic ran idle for 2 hours.,That's the film that the assistant developed in the darkroom.,That's the book that the student made return to the library.,That's the student that the councilor made skip the road.,That's the gang that the officer leaned against the wall.,Y,N,Y,N,N,Y,Y,Y,N,N,Y,N,Y,N,10,Mozilla/5.0 (compatible; MSIE 10.0; Windows NT 6.2; WOW64; Trident/6.0; Touch; .NET4.0E; .NET4.0C; Tablet PC 2.0),,
2BC00OQKKA4IQ6T9H5T6D0EXGNGYY6,2MLW6NG1FS3N614SDQSF4SZL3XGYKS,Grammaticality Judgement Task,Decide whether 10 sentences sound natural or unnatural (Survey for native English speakers only!),"experiment, survey, language, easy, short",$0.10 ,Tue Feb 26 05:52:54 GMT 2013,7,BatchId:1049404;,3600,604800,Wed Mar 06 01:44:26 GMT 2013,,,2M4F0CP5KXPTQ13ZC974UM7P9MFYXW,A1XFERUH6BOQNG,Submitted,Wed Feb 27 05:54:55 GMT 2013,Wed Feb 27 05:57:14 GMT 2013,Tue Mar 05 21:57:14 PST 2013,,,,139,100% (2/2),100% (2/2),0% (0/0),0,That's the rabbit that the magician made vanish into thin air.,That's the gymnast that the coach made balance on the beam.,That's the girl that the teacher played with the doll.,That's the idea that the team made float at the meeting.,That's the wall that the carpenter broke into several pieces.,That's the engine that the mechanic ran idle for 2 hours.,That's the film that the assistant developed in the darkroom.,That's the book that the student made return to the library.,That's the student that the councilor made skip the road.,That's the gang that the officer leaned against the wall.,Y,Y,Y,N,N,Y,Y,Y,N,N,Y,N,Y,Y,10,Mozilla/5.0 (Windows NT 5.1; rv:18.0) Gecko/20100101 Firefox/18.0,,
2BC00OQKKA4IQ6T9H5T6D0EXGNGYY6,2MLW6NG1FS3N614SDQSF4SZL3XGYKS,Grammaticality Judgement Task,Decide whether 10 sentences sound natural or unnatural (Survey for native English speakers only!),"experiment, survey, language, easy, short",$0.10 ,Tue Feb 26 05:52:54 GMT 2013,7,BatchId:1049404;,3600,604800,Wed Mar 06 01:44:26 GMT 2013,,,2MGK2JE1M7PKSN68BHFZFC06WGMPWI,A3QIG18VHBXBSZ,Submitted,Wed Feb 27 18:40:20 GMT 2013,Wed Feb 27 18:41:35 GMT 2013,Wed Mar 06 10:41:35 PST 2013,,,,75,100% (3/3),100% (3/3),0% (0/0),0,That's the rabbit that the magician made vanish into thin air.,That's the gymnast that the coach made balance on the beam.,That's the girl that the teacher played with the doll.,That's the idea that the team made float at the meeting.,That's the wall that the carpenter broke into several pieces.,That's the engine that the mechanic ran idle for 2 hours.,That's the film that the assistant developed in the darkroom.,That's the book that the student made return to the library.,That's the student that the councilor made skip the road.,That's the gang that the officer leaned against the wall.,Y,Y,,,N,Y,,Y,N,,,N,,N,,,,
2BC00OQKKA4IQ6T9H5T6D0EXGNGYY6,2MLW6NG1FS3N614SDQSF4SZL3XGYKS,Grammaticality Judgement Task,Decide whether 10 sentences sound natural or unnatural (Survey for native English speakers only!),"experiment, survey, language, easy, short",$0.10 ,Tue Feb 26 05:52:54 GMT 2013,7,BatchId:1049404;,3600,604800,Wed Mar 06 01:44:26 GMT 2013,,,2TEJUNU8LZ6RFE1M6KZDDJ3XPO03J4,A3F578S9TIGM84,Submitted,Wed Feb 27 16:02:13 GMT 2013,Wed Feb 27 16:05:52 GMT 2013,Wed Mar 06 08:05:52 PST 2013,,,,219,100% (1/1),100% (1/1),0% (0/0),0,That's the rabbit that the magician made vanish into thin air.,That's the gymnast that the coach made balance on the beam.,That's the girl that the teacher played with the doll.,That's the idea that the team made float at the meeting.,That's the wall that the carpenter broke into several pieces.,That's the engine that the mechanic ran idle for 2 hours.,That's the film that the assistant developed in the darkroom.,That's the book that the student made return to the library.,That's the student that the councilor made skip the road.,That's the gang that the officer leaned against the wall.,Y,Y,Y,N,Y,Y,Y,Y,N,Y,Y,N,Y,N,,,,
2TEA6X3YOCCF8QAMZ8GTNNIJD9XPQ1,2MLW6NG1FS3N614SDQSF4SZL3XGYKS,Grammaticality Judgement Task,Decide whether 10 sentences sound natural or unnatural (Survey for native English speakers only!),"experiment, survey, language, easy, short",$0.10 ,Tue Feb 26 05:52:54 GMT 2013,6,BatchId:1049404;,3600,604800,Tue Mar 05 05:52:54 GMT 2013,,,26KBRI8IUB2Y2NT0W3KLG3L2QSRH57,A3LQAX287GQ35Q,Submitted,Wed Feb 27 16:31:39 GMT 2013,Wed Feb 27 16:33:56 GMT 2013,Wed Mar 06 08:33:56 PST 2013,,,,137,100% (1/1),100% (1/1),0% (0/0),1,That's the gang that the officer leaned against the wall.,That's the student that the councilor made skip the road.,That's the book that the student made return to the library.,That's the film that the assistant developed in the darkroom.,That's the engine that the mechanic ran idle for 2 hours.,That's the wall that the carpenter broke into several pieces.,That's the idea that the team made float at the meeting.,That's the girl that the teacher played with the doll.,That's the gymnast that the coach made balance on the beam.,That's the rabbit that the magician made vanish into thin air.,Y,Y,N,N,Y,Y,Y,N,N,N,Y,N,Y,N,10,Mozilla/5.0 (Windows NT 6.1; WOW64; rv:19.0) Gecko/20100101 Firefox/19.0,,
2TEA6X3YOCCF8QAMZ8GTNNIJD9XPQ1,2MLW6NG1FS3N614SDQSF4SZL3XGYKS,Grammaticality Judgement Task,Decide whether 10 sentences sound natural or unnatural (Survey for native English speakers only!),"experiment, survey, language, easy, short",$0.10 ,Tue Feb 26 05:52:54 GMT 2013,6,BatchId:1049404;,3600,604800,Tue Mar 05 05:52:54 GMT 2013,,,2GT8N46UXFCDCJITT4EDXNTMT2ERT4,A34VVBBD4VMRUI,Submitted,Wed Feb 27 00:16:47 GMT 2013,Wed Feb 27 00:18:25 GMT 2013,Tue Mar 05 16:18:25 PST 2013,,,,98,100% (2/2),100% (2/2),0% (0/0),1,That's the gang that the officer leaned against the wall.,That's the student that the councilor made skip the road.,That's the book that the student made return to the library.,That's the film that the assistant developed in the darkroom.,That's the engine that the mechanic ran idle for 2 hours.,That's the wall that the carpenter broke into several pieces.,That's the idea that the team made float at the meeting.,That's the girl that the teacher played with the doll.,That's the gymnast that the coach made balance on the beam.,That's the rabbit that the magician made vanish into thin air.,N,Y,N,N,Y,Y,Y,Y,N,Y,Y,N,Y,N,10,Mozilla/5.0 (Windows NT 6.1; WOW64; rv:19.0) Gecko/20100101 Firefox/19.0,,
2TEA6X3YOCCF8QAMZ8GTNNIJD9XPQ1,2MLW6NG1FS3N614SDQSF4SZL3XGYKS,Grammaticality Judgement Task,Decide whether 10 sentences sound natural or unnatural (Survey for native English speakers only!),"experiment, survey, language, easy, short",$0.10 ,Tue Feb 26 05:52:54 GMT 2013,6,BatchId:1049404;,3600,604800,Tue Mar 05 05:52:54 GMT 2013,,,2I0MQU6L5OBVKWM8C8VANJF9RD1XED,A274FLWJ2ZD2ZH,Submitted,Thu Feb 28 02:11:00 GMT 2013,Thu Feb 28 02:11:44 GMT 2013,Wed Mar 06 18:11:44 PST 2013,,,,44,25% (1/4),25% (1/4),0% (0/0),1,That's the gang that the officer leaned against the wall.,That's the student that the councilor made skip the road.,That's the book that the student made return to the library.,That's the film that the assistant developed in the darkroom.,That's the engine that the mechanic ran idle for 2 hours.,That's the wall that the carpenter broke into several pieces.,That's the idea that the team made float at the meeting.,That's the girl that the teacher played with the doll.,That's the gymnast that the coach made balance on the beam.,That's the rabbit that the magician made vanish into thin air.,N,Y,N,N,Y,Y,Y,N,N,N,Y,N,Y,Y,,,,
2TEA6X3YOCCF8QAMZ8GTNNIJD9XPQ1,2MLW6NG1FS3N614SDQSF4SZL3XGYKS,Grammaticality Judgement Task,Decide whether 10 sentences sound natural or unnatural (Survey for native English speakers only!),"experiment, survey, language, easy, short",$0.10 ,Tue Feb 26 05:52:54 GMT 2013,6,BatchId:1049404;,3600,604800,Tue Mar 05 05:52:54 GMT 2013,,,2JUHECWA6X3YWQXWFNG5PXPVTZRLMZ,A1MLJ69XSGEYB8,Submitted,Tue Feb 26 07:27:30 GMT 2013,Tue Feb 26 07:28:15 GMT 2013,Mon Mar 04 23:28:15 PST 2013,,,,45,33% (1/3),33% (1/3),0% (0/0),1,That's the gang that the officer leaned against the wall.,That's the student that the councilor made skip the road.,That's the book that the student made return to the library.,That's the film that the assistant developed in the darkroom.,That's the engine that the mechanic ran idle for 2 hours.,That's the wall that the carpenter broke into several pieces.,That's the idea that the team made float at the meeting.,That's the girl that the teacher played with the doll.,That's the gymnast that the coach made balance on the beam.,That's the rabbit that the magician made vanish into thin air.,N,Y,N,N,Y,Y,Y,N,N,N,Y,N,Y,N,10,Mozilla/5.0 (compatible; MSIE 9.0; Windows NT 6.1; WOW64; Trident/5.0; SLCC2; .NET CLR 2.0.50727; .NET CLR 3.5.30729; .NET CLR 3.0.30729; Media Center PC 6.0; InfoPath.2),,
2TEA6X3YOCCF8QAMZ8GTNNIJD9XPQ1,2MLW6NG1FS3N614SDQSF4SZL3XGYKS,Grammaticality Judgement Task,Decide whether 10 sentences sound natural or unnatural (Survey for native English speakers only!),"experiment, survey, language, easy, short",$0.10 ,Tue Feb 26 05:52:54 GMT 2013,6,BatchId:1049404;,3600,604800,Tue Mar 05 05:52:54 GMT 2013,,,2LVQ39Z0B6UTWKELT6JT0RKI08IXME,AMSWIR4J9XEIJ,Submitted,Tue Feb 26 11:28:22 GMT 2013,Tue Feb 26 11:29:48 GMT 2013,Tue Mar 05 03:29:48 PST 2013,,,,86,100% (4/4),100% (3/3),100% (1/1),1,That's the gang that the officer leaned against the wall.,That's the student that the councilor made skip the road.,That's the book that the student made return to the library.,That's the film that the assistant developed in the darkroom.,That's the engine that the mechanic ran idle for 2 hours.,That's the wall that the carpenter broke into several pieces.,That's the idea that the team made float at the meeting.,That's the girl that the teacher played with the doll.,That's the gymnast that the coach made balance on the beam.,That's the rabbit that the magician made vanish into thin air.,Y,Y,N,N,Y,Y,Y,Y,N,Y,Y,N,Y,N,,,,
2TEA6X3YOCCF8QAMZ8GTNNIJD9XPQ1,2MLW6NG1FS3N614SDQSF4SZL3XGYKS,Grammaticality Judgement Task,Decide whether 10 sentences sound natural or unnatural (Survey for native English speakers only!),"experiment, survey, language, easy, short",$0.10 ,Tue Feb 26 05:52:54 GMT 2013,6,BatchId:1049404;,3600,604800,Tue Mar 05 05:52:54 GMT 2013,,,2W6C1PC6SK9RRMQ5ETQEMMAC0BL1PJ,A2WLMNDSN9LWJX,Submitted,Sat Mar 02 04:33:59 GMT 2013,Sat Mar 02 04:35:19 GMT 2013,Fri Mar 08 20:35:19 PST 2013,,,,80,100% (1/1),100% (1/1),0% (0/0),1,That's the gang that the officer leaned against the wall.,That's the student that the councilor made skip the road.,That's the book that the student made return to the library.,That's the film that the assistant developed in the darkroom.,That's the engine that the mechanic ran idle for 2 hours.,That's the wall that the carpenter broke into several pieces.,That's the idea that the team made float at the meeting.,That's the girl that the teacher played with the doll.,That's the gymnast that the coach made balance on the beam.,That's the rabbit that the magician made vanish into thin air.,N,Y,N,N,Y,Y,Y,N,N,Y,Y,N,Y,Y,,,,
2P546UXFCD455QZA2OJNYKIOJ4WTV3,2MLW6NG1FS3N614SDQSF4SZL3XGYKS,Grammaticality Judgement Task,Decide whether 10 sentences sound natural or unnatural (Survey for native English speakers only!),"experiment, survey, language, easy, short",$0.10 ,Tue Feb 26 05:52:54 GMT 2013,6,BatchId:1049404;,3600,604800,Tue Mar 05 05:52:54 GMT 2013,,,20M8Y1THV8ERHCTA2V9M4SM7V0Y0NV,A2UQVKQ4ADATS3,Submitted,Thu Feb 28 20:48:12 GMT 2013,Thu Feb 28 20:52:46 GMT 2013,Thu Mar 07 12:52:46 PST 2013,,,,274,100% (6/6),100% (3/3),0% (0/0),2,That's the rabbit that the magician made vanish into thin air.,That's the book that the girl balanced on her head.,That's the girl that the teacher played with the doll.,That's the engine that the mechanic made run idle for 2 hours.,That's the student that the councilor made skip the road.,That's the gang that the officer made lean against the wall.,That's the film that the assistant developed in the darkroom.,That's the intern that the supervisor returned for another shift.,That's the wall that the carpenter broke into several pieces.,That's the boy that the instructor floated in the pool.,Y,N,Y,N,Y,N,Y,Y,N,Y,Y,N,Y,N,10,Mozilla/5.0 (Windows NT 6.1; WOW64; rv:19.0) Gecko/20100101 Firefox/19.0,,
2P546UXFCD455QZA2OJNYKIOJ4WTV3,2MLW6NG1FS3N614SDQSF4SZL3XGYKS,Grammaticality Judgement Task,Decide whether 10 sentences sound natural or unnatural (Survey for native English speakers only!),"experiment, survey, language, easy, short",$0.10 ,Tue Feb 26 05:52:54 GMT 2013,6,BatchId:1049404;,3600,604800,Tue Mar 05 05:52:54 GMT 2013,,,223RI8IUB2YUHM4Y74CB8L0HM4CI6K,A2F0NZQ8F9ON8C,Submitted,Thu Feb 28 18:18:06 GMT 2013,Thu Feb 28 18:19:32 GMT 2013,Thu Mar 07 10:19:32 PST 2013,,,,86,100% (4/4),100% (4/4),0% (0/0),2,That's the rabbit that the magician made vanish into thin air.,That's the book that the girl balanced on her head.,That's the girl that the teacher played with the doll.,That's the engine that the mechanic made run idle for 2 hours.,That's the student that the councilor made skip the road.,That's the gang that the officer made lean against the wall.,That's the film that the assistant developed in the darkroom.,That's the intern that the supervisor returned for another shift.,That's the wall that the carpenter broke into several pieces.,That's the boy that the instructor floated in the pool.,Y,N,Y,N,Y,N,Y,Y,N,Y,Y,N,Y,Y,10,Mozilla/5.0 (Windows NT 5.1; rv:18.0) Gecko/20100101 Firefox/18.0,,
2P546UXFCD455QZA2OJNYKIOJ4WTV3,2MLW6NG1FS3N614SDQSF4SZL3XGYKS,Grammaticality Judgement Task,Decide whether 10 sentences sound natural or unnatural (Survey for native English speakers only!),"experiment, survey, language, easy, short",$0.10 ,Tue Feb 26 05:52:54 GMT 2013,6,BatchId:1049404;,3600,604800,Tue Mar 05 05:52:54 GMT 2013,,,25J14IXKO2L9AVZTBLXX8YOENTHCBX,APPTLVXZD0SKE,Submitted,Tue Feb 26 20:02:53 GMT 2013,Tue Feb 26 20:04:13 GMT 2013,Tue Mar 05 12:04:13 PST 2013,,,,80,100% (3/3),100% (2/2),0% (0/0),2,That's the rabbit that the magician made vanish into thin air.,That's the book that the girl balanced on her head.,That's the girl that the teacher played with the doll.,That's the engine that the mechanic made run idle for 2 hours.,That's the student that the councilor made skip the road.,That's the gang that the officer made lean against the wall.,That's the film that the assistant developed in the darkroom.,That's the intern that the supervisor returned for another shift.,That's the wall that the carpenter broke into several pieces.,That's the boy that the instructor floated in the pool.,Y,Y,Y,N,Y,N,Y,Y,N,Y,Y,N,Y,Y,10,Mozilla/4.0 (compatible; MSIE 8.0; Windows NT 5.2; Trident/4.0; .NET CLR 1.1.4322; .NET CLR 2.0.50727; InfoPath.2; .NET CLR 3.0.4506.2152; .NET CLR 3.5.30729; .NET4.0C; .NET4.0E),,
2P546UXFCD455QZA2OJNYKIOJ4WTV3,2MLW6NG1FS3N614SDQSF4SZL3XGYKS,Grammaticality Judgement Task,Decide whether 10 sentences sound natural or unnatural (Survey for native English speakers only!),"experiment, survey, language, easy, short",$0.10 ,Tue Feb 26 05:52:54 GMT 2013,6,BatchId:1049404;,3600,604800,Tue Mar 05 05:52:54 GMT 2013,,,2BP3V0FK0COKAXZI1IGKP9LT7PQHOA,A274FLWJ2ZD2ZH,Submitted,Thu Feb 28 02:11:49 GMT 2013,Thu Feb 28 02:12:26 GMT 2013,Wed Mar 06 18:12:26 PST 2013,,,,37,25% (1/4),25% (1/4),0% (0/0),2,That's the rabbit that the magician made vanish into thin air.,That's the book that the girl balanced on her head.,That's the girl that the teacher played with the doll.,That's the engine that the mechanic made run idle for 2 hours.,That's the student that the councilor made skip the road.,That's the gang that the officer made lean against the wall.,That's the film that the assistant developed in the darkroom.,That's the intern that the supervisor returned for another shift.,That's the wall that the carpenter broke into several pieces.,That's the boy that the instructor floated in the pool.,Y,N,Y,N,Y,N,N,Y,Y,Y,Y,N,Y,Y,,,,
2P546UXFCD455QZA2OJNYKIOJ4WTV3,2MLW6NG1FS3N614SDQSF4SZL3XGYKS,Grammaticality Judgement Task,Decide whether 10 sentences sound natural or unnatural (Survey for native English speakers only!),"experiment, survey, language, easy, short",$0.10 ,Tue Feb 26 05:52:54 GMT 2013,6,BatchId:1049404;,3600,604800,Tue Mar 05 05:52:54 GMT 2013,,,2IEQU6L5OBVCQFCECF1IOF7I5SDFY2,A2AM85HTVCKSWB,Submitted,Sat Mar 02 15:20:16 GMT 2013,Sat Mar 02 15:21:25 GMT 2013,Sat Mar 09 07:21:25 PST 2013,,,,69,67% (2/3),67% (2/3),0% (0/0),2,That's the rabbit that the magician made vanish into thin air.,That's the book that the girl balanced on her head.,That's the girl that the teacher played with the doll.,That's the engine that the mechanic made run idle for 2 hours.,That's the student that the councilor made skip the road.,That's the gang that the officer made lean against the wall.,That's the film that the assistant developed in the darkroom.,That's the intern that the supervisor returned for another shift.,That's the wall that the carpenter broke into several pieces.,That's the boy that the instructor floated in the pool.,Y,N,Y,N,Y,N,Y,Y,N,Y,,,Y,Y,10,Mozilla/5.0 (Macintosh; Intel Mac OS X 10.7; rv:18.0) Gecko/20100101 Firefox/18.0,,
2P546UXFCD455QZA2OJNYKIOJ4WTV3,2MLW6NG1FS3N614SDQSF4SZL3XGYKS,Grammaticality Judgement Task,Decide whether 10 sentences sound natural or unnatural (Survey for native English speakers only!),"experiment, survey, language, easy, short",$0.10 ,Tue Feb 26 05:52:54 GMT 2013,6,BatchId:1049404;,3600,604800,Tue Mar 05 05:52:54 GMT 2013,,,2JQ8TNKIMZSMDY0Y7DFM5PGXQOPYBV,A32N9U08Q3GQHE,Submitted,Thu Feb 28 18:56:22 GMT 2013,Thu Feb 28 18:57:00 GMT 2013,Thu Mar 07 10:57:00 PST 2013,,,,38,100% (2/2),100% (2/2),0% (0/0),2,That's the rabbit that the magician made vanish into thin air.,That's the book that the girl balanced on her head.,That's the girl that the teacher played with the doll.,That's the engine that the mechanic made run idle for 2 hours.,That's the student that the councilor made skip the road.,That's the gang that the officer made lean against the wall.,That's the film that the assistant developed in the darkroom.,That's the intern that the supervisor returned for another shift.,That's the wall that the carpenter broke into several pieces.,That's the boy that the instructor floated in the pool.,Y,N,Y,N,Y,N,Y,Y,N,Y,Y,N,Y,N,,,,
2P546UXFCD455QZA2OJNYKIOJ4WTV3,2MLW6NG1FS3N614SDQSF4SZL3XGYKS,Grammaticality Judgement Task,Decide whether 10 sentences sound natural or unnatural (Survey for native English speakers only!),"experiment, survey, language, easy, short",$0.10 ,Tue Feb 26 05:52:54 GMT 2013,6,BatchId:1049404;,3600,604800,Tue Mar 05 05:52:54 GMT 2013,,,2Y1Z6KW4ZMAZPVC80QH0TNNX2Y17G5,A2FNSPM7N4V401,Submitted,Wed Feb 27 14:03:24 GMT 2013,Wed Feb 27 14:04:40 GMT 2013,Wed Mar 06 06:04:40 PST 2013,,,,76,100% (1/1),100% (1/1),0% (0/0),2,That's the rabbit that the magician made vanish into thin air.,That's the book that the girl balanced on her head.,That's the girl that the teacher played with the doll.,That's the engine that the mechanic made run idle for 2 hours.,That's the student that the councilor made skip the road.,That's the gang that the officer made lean against the wall.,That's the film that the assistant developed in the darkroom.,That's the intern that the supervisor returned for another shift.,That's the wall that the carpenter broke into several pieces.,That's the boy that the instructor floated in the pool.,Y,N,Y,N,Y,N,Y,Y,N,Y,,,Y,N,,,,
2J392HECWA6XBC9TRQRCU5KY54YJK2,2MLW6NG1FS3N614SDQSF4SZL3XGYKS,Grammaticality Judgement Task,Decide whether 10 sentences sound natural or unnatural (Survey for native English speakers only!),"experiment, survey, language, easy, short",$0.10 ,Tue Feb 26 05:52:54 GMT 2013,6,BatchId:1049404;,3600,604800,Tue Mar 05 05:52:54 GMT 2013,,,20TSNQQ7Q670DFB1RYI17TQEC9ZAU2,A1A03XN33VQGA2,Submitted,Tue Feb 26 08:28:44 GMT 2013,Tue Feb 26 08:29:34 GMT 2013,Tue Mar 05 00:29:34 PST 2013,,,,50,25% (1/4),25% (1/4),0% (0/0),3,That's the boy that the instructor floated in the pool.,That's the wall that the carpenter broke into several pieces.,That's the intern that the supervisor returned for another shift.,That's the film that the assistant developed in the darkroom.,That's the gang that the officer made lean against the wall.,That's the student that the councilor made skip the road.,That's the engine that the mechanic made run idle for 2 hours.,That's the girl that the teacher played with the doll.,That's the book that the girl balanced on her head.,That's the rabbit that the magician made vanish into thin air.,N,Y,Y,Y,Y,Y,N,Y,N,Y,Y,N,Y,N,10,Mozilla/5.0 (compatible; MSIE 10.0; Windows NT 6.2; WOW64; Trident/6.0; Touch; .NET4.0E; .NET4.0C; Tablet PC 2.0),,
2J392HECWA6XBC9TRQRCU5KY54YJK2,2MLW6NG1FS3N614SDQSF4SZL3XGYKS,Grammaticality Judgement Task,Decide whether 10 sentences sound natural or unnatural (Survey for native English speakers only!),"experiment, survey, language, easy, short",$0.10 ,Tue Feb 26 05:52:54 GMT 2013,6,BatchId:1049404;,3600,604800,Tue Mar 05 05:52:54 GMT 2013,,,24QT3DHJHP4BLR5XJ9ZRXX9ZEU2V2V,A207Z5PIOR1CPR,Submitted,Tue Feb 26 22:07:21 GMT 2013,Tue Feb 26 22:10:08 GMT 2013,Tue Mar 05 14:10:08 PST 2013,,,,167,100% (2/2),100% (2/2),0% (0/0),3,That's the boy that the instructor floated in the pool.,That's the wall that the carpenter broke into several pieces.,That's the intern that the supervisor returned for another shift.,That's the film that the assistant developed in the darkroom.,That's the gang that the officer made lean against the wall.,That's the student that the councilor made skip the road.,That's the engine that the mechanic made run idle for 2 hours.,That's the girl that the teacher played with the doll.,That's the book that the girl balanced on her head.,That's the rabbit that the magician made vanish into thin air.,Y,Y,Y,Y,Y,Y,N,N,N,,Y,N,Y,N,,,,
2J392HECWA6XBC9TRQRCU5KY54YJK2,2MLW6NG1FS3N614SDQSF4SZL3XGYKS,Grammaticality Judgement Task,Decide whether 10 sentences sound natural or unnatural (Survey for native English speakers only!),"experiment, survey, language, easy, short",$0.10 ,Tue Feb 26 05:52:54 GMT 2013,6,BatchId:1049404;,3600,604800,Tue Mar 05 05:52:54 GMT 2013,,,2BHC6SK9RJ85WD3GTSDAFPMQZ3AS4N,A1D03NQ9ZO1KB0,Submitted,Tue Feb 26 14:21:23 GMT 2013,Tue Feb 26 14:25:50 GMT 2013,Tue Mar 05 06:25:50 PST 2013,,,,267,100% (1/1),100% (1/1),0% (0/0),3,That's the boy that the instructor floated in the pool.,That's the wall that the carpenter broke into several pieces.,That's the intern that the supervisor returned for another shift.,That's the film that the assistant developed in the darkroom.,That's the gang that the officer made lean against the wall.,That's the student that the councilor made skip the road.,That's the engine that the mechanic made run idle for 2 hours.,That's the girl that the teacher played with the doll.,That's the book that the girl balanced on her head.,That's the rabbit that the magician made vanish into thin air.,N,Y,Y,N,Y,Y,Y,N,N,Y,Y,,Y,N,10,Mozilla/5.0 (Windows NT 5.1; rv:19.0) Gecko/20100101 Firefox/19.0,,
2J392HECWA6XBC9TRQRCU5KY54YJK2,2MLW6NG1FS3N614SDQSF4SZL3XGYKS,Grammaticality Judgement Task,Decide whether 10 sentences sound natural or unnatural (Survey for native English speakers only!),"experiment, survey, language, easy, short",$0.10 ,Tue Feb 26 05:52:54 GMT 2013,6,BatchId:1049404;,3600,604800,Tue Mar 05 05:52:54 GMT 2013,,,2DO5XH0JPPSIAYJV4WJPC5KNXL4GMT,A10MEXRNAC2LV2,Submitted,Tue Feb 26 23:46:43 GMT 2013,Tue Feb 26 23:48:31 GMT 2013,Tue Mar 05 15:48:31 PST 2013,,,,108,100% (2/2),100% (2/2),0% (0/0),3,That's the boy that the instructor floated in the pool.,That's the wall that the carpenter broke into several pieces.,That's the intern that the supervisor returned for another shift.,That's the film that the assistant developed in the darkroom.,That's the gang that the officer made lean against the wall.,That's the student that the councilor made skip the road.,That's the engine that the mechanic made run idle for 2 hours.,That's the girl that the teacher played with the doll.,That's the book that the girl balanced on her head.,That's the rabbit that the magician made vanish into thin air.,N,Y,Y,N,Y,Y,N,Y,N,Y,Y,N,Y,N,10,Mozilla/5.0 (compatible; MSIE 9.0; Windows NT 6.1; WOW64; Trident/5.0; SLCC2; .NET CLR 2.0.50727; .NET CLR 3.5.30729; .NET CLR 3.0.30729; Media Center PC 6.0; MDDC; BRI/2; AskTbORJ/5.15.9.29495; .NET4.0C; .NET4.0E),,
2J392HECWA6XBC9TRQRCU5KY54YJK2,2MLW6NG1FS3N614SDQSF4SZL3XGYKS,Grammaticality Judgement Task,Decide whether 10 sentences sound natural or unnatural (Survey for native English speakers only!),"experiment, survey, language, easy, short",$0.10 ,Tue Feb 26 05:52:54 GMT 2013,6,BatchId:1049404;,3600,604800,Tue Mar 05 05:52:54 GMT 2013,,,2IEZ9O9Z6KW470VGWSIRQFQ2Z19C3B,A1GOB674NOZ0ZZ,Submitted,Tue Feb 26 20:28:11 GMT 2013,Tue Feb 26 20:28:55 GMT 2013,Tue Mar 05 12:28:55 PST 2013,,,,44,100% (2/2),100% (2/2),0% (0/0),3,That's the boy that the instructor floated in the pool.,That's the wall that the carpenter broke into several pieces.,That's the intern that the supervisor returned for another shift.,That's the film that the assistant developed in the darkroom.,That's the gang that the officer made lean against the wall.,That's the student that the councilor made skip the road.,That's the engine that the mechanic made run idle for 2 hours.,That's the girl that the teacher played with the doll.,That's the book that the girl balanced on her head.,That's the rabbit that the magician made vanish into thin air.,N,N,Y,N,Y,Y,N,N,N,Y,Y,N,Y,N,,,,
2J392HECWA6XBC9TRQRCU5KY54YJK2,2MLW6NG1FS3N614SDQSF4SZL3XGYKS,Grammaticality Judgement Task,Decide whether 10 sentences sound natural or unnatural (Survey for native English speakers only!),"experiment, survey, language, easy, short",$0.10 ,Tue Feb 26 05:52:54 GMT 2013,6,BatchId:1049404;,3600,604800,Tue Mar 05 05:52:54 GMT 2013,,,2LYBFMFFOYYI1FE0UO7EXC0T88PZMM,A3HF07HX23AFOD,Submitted,Tue Feb 26 13:36:12 GMT 2013,Tue Feb 26 13:37:29 GMT 2013,Tue Mar 05 05:37:29 PST 2013,,,,77,100% (2/2),100% (2/2),0% (0/0),3,That's the boy that the instructor floated in the pool.,That's the wall that the carpenter broke into several pieces.,That's the intern that the supervisor returned for another shift.,That's the film that the assistant developed in the darkroom.,That's the gang that the officer made lean against the wall.,That's the student that the councilor made skip the road.,That's the engine that the mechanic made run idle for 2 hours.,That's the girl that the teacher played with the doll.,That's the book that the girl balanced on her head.,That's the rabbit that the magician made vanish into thin air.,N,Y,Y,N,Y,Y,N,Y,N,Y,Y,N,Y,N,10,"Mozilla/5.0 (Macintosh; Intel Mac OS X 10_8_2) AppleWebKit/536.26.17 (KHTML, like Gecko) Version/6.0.2 Safari/536.26.17",,
2J392HECWA6XBC9TRQRCU5KY54YJK2,2MLW6NG1FS3N614SDQSF4SZL3XGYKS,Grammaticality Judgement Task,Decide whether 10 sentences sound natural or unnatural (Survey for native English speakers only!),"experiment, survey, language, easy, short",$0.10 ,Tue Feb 26 05:52:54 GMT 2013,6,BatchId:1049404;,3600,604800,Tue Mar 05 05:52:54 GMT 2013,,,2U91Q6SVQ8H8G0BBLWWOGVCKC784NZ,A70L26UXLTGLC,Submitted,Wed Feb 27 06:27:06 GMT 2013,Wed Feb 27 06:29:35 GMT 2013,Tue Mar 05 22:29:35 PST 2013,,,,149,100% (10/10),100% (5/5),100% (1/1),3,That's the boy that the instructor floated in the pool.,That's the wall that the carpenter broke into several pieces.,That's the intern that the supervisor returned for another shift.,That's the film that the assistant developed in the darkroom.,That's the gang that the officer made lean against the wall.,That's the student that the councilor made skip the road.,That's the engine that the mechanic made run idle for 2 hours.,That's the girl that the teacher played with the doll.,That's the book that the girl balanced on her head.,That's the rabbit that the magician made vanish into thin air.,N,Y,Y,N,Y,Y,N,N,N,Y,Y,N,Y,N,,,,
24ZMVHVKCJ019YNOJUY9PQW7HJ475Z,2MLW6NG1FS3N614SDQSF4SZL3XGYKS,Grammaticality Judgement Task,Decide whether 10 sentences sound natural or unnatural (Survey for native English speakers only!),"experiment, survey, language, easy, short",$0.10 ,Tue Feb 26 05:52:54 GMT 2013,6,BatchId:1049404;,3600,604800,Tue Mar 05 05:52:54 GMT 2013,,,254PWZ9RNDWIW9M9M3E3ITGWCGASD7,A2HR7ZIX42FEPG,Submitted,Tue Feb 26 15:22:12 GMT 2013,Tue Feb 26 15:23:24 GMT 2013,Tue Mar 05 07:23:24 PST 2013,,,,72,80% (4/5),100% (1/1),0% (0/0),4,That's the student that the councilor made skip the road.,That's the ladder that the worker leaned against the wall.,That's the wall that the carpenter broke into several pieces.,That's the intern that the supervisor made return for another shift.,That's the film that the assistant developed in the darkroom.,That's the sprinter that the coach ran for 2 hours.,That's the rabbit that the magician made vanish into thin air.,That's the boy that the instructor made float in the pool.,That's the girl that the teacher played with the doll.,That's the book that the girl made balance on her head.,N,Y,Y,N,Y,Y,Y,Y,Y,N,Y,N,Y,N,,,,
24ZMVHVKCJ019YNOJUY9PQW7HJ475Z,2MLW6NG1FS3N614SDQSF4SZL3XGYKS,Grammaticality Judgement Task,Decide whether 10 sentences sound natural or unnatural (Survey for native English speakers only!),"experiment, survey, language, easy, short",$0.10 ,Tue Feb 26 05:52:54 GMT 2013,6,BatchId:1049404;,3600,604800,Tue Mar 05 05:52:54 GMT 2013,,,29CPFE4EGDHDUGQ2NT0N4W6JPQU9JV,A2B338ZP97RA5W,Submitted,Sat Mar 02 19:04:45 GMT 2013,Sat Mar 02 19:06:37 GMT 2013,Sat Mar 09 11:06:37 PST 2013,,,,112,100% (1/1),100% (1/1),0% (0/0),4,That's the student that the councilor made skip the road.,That's the ladder that the worker leaned against the wall.,That's the wall that the carpenter broke into several pieces.,That's the intern that the supervisor made return for another shift.,That's the film that the assistant developed in the darkroom.,That's the sprinter that the coach ran for 2 hours.,That's the rabbit that the magician made vanish into thin air.,That's the boy that the instructor made float in the pool.,That's the girl that the teacher played with the doll.,That's the book that the girl made balance on her head.,N,N,Y,Y,Y,Y,N,Y,N,N,Y,N,Y,Y,10,Mozilla/5.0 (Windows NT 6.1; WOW64; rv:19.0) Gecko/20100101 Firefox/19.0,,
24ZMVHVKCJ019YNOJUY9PQW7HJ475Z,2MLW6NG1FS3N614SDQSF4SZL3XGYKS,Grammaticality Judgement Task,Decide whether 10 sentences sound natural or unnatural (Survey for native English speakers only!),"experiment, survey, language, easy, short",$0.10 ,Tue Feb 26 05:52:54 GMT 2013,6,BatchId:1049404;,3600,604800,Tue Mar 05 05:52:54 GMT 2013,,,2D7DEY5COW0LO5KKNNIFQC6XYD14VD,A274FLWJ2ZD2ZH,Submitted,Thu Feb 28 02:12:32 GMT 2013,Thu Feb 28 02:13:14 GMT 2013,Wed Mar 06 18:13:14 PST 2013,,,,42,25% (1/4),25% (1/4),0% (0/0),4,That's the student that the councilor made skip the road.,That's the ladder that the worker leaned against the wall.,That's the wall that the carpenter broke into several pieces.,That's the intern that the supervisor made return for another shift.,That's the film that the assistant developed in the darkroom.,That's the sprinter that the coach ran for 2 hours.,That's the rabbit that the magician made vanish into thin air.,That's the boy that the instructor made float in the pool.,That's the girl that the teacher played with the doll.,That's the book that the girl made balance on her head.,N,N,Y,Y,Y,Y,N,Y,N,N,Y,N,Y,Y,,,,
24ZMVHVKCJ019YNOJUY9PQW7HJ475Z,2MLW6NG1FS3N614SDQSF4SZL3XGYKS,Grammaticality Judgement Task,Decide whether 10 sentences sound natural or unnatural (Survey for native English speakers only!),"experiment, survey, language, easy, short",$0.10 ,Tue Feb 26 05:52:54 GMT 2013,6,BatchId:1049404;,3600,604800,Tue Mar 05 05:52:54 GMT 2013,,,2GKK9RJ85OZI7S23PLGMTOQ7P8R7VM,A1DKEJ4G4QQD10,Submitted,Tue Feb 26 05:54:44 GMT 2013,Tue Feb 26 05:56:30 GMT 2013,Mon Mar 04 21:56:30 PST 2013,,,,106,100% (1/1),100% (1/1),0% (0/0),4,That's the student that the councilor made skip the road.,That's the ladder that the worker leaned against the wall.,That's the wall that the carpenter broke into several pieces.,That's the intern that the supervisor made return for another shift.,That's the film that the assistant developed in the darkroom.,That's the sprinter that the coach ran for 2 hours.,That's the rabbit that the magician made vanish into thin air.,That's the boy that the instructor made float in the pool.,That's the girl that the teacher played with the doll.,That's the book that the girl made balance on her head.,N,Y,Y,Y,Y,Y,N,Y,Y,N,Y,N,Y,N,10,Mozilla/5.0 (Windows NT 6.0; rv:19.0) Gecko/20100101 Firefox/19.0,,
24ZMVHVKCJ019YNOJUY9PQW7HJ475Z,2MLW6NG1FS3N614SDQSF4SZL3XGYKS,Grammaticality Judgement Task,Decide whether 10 sentences sound natural or unnatural (Survey for native English speakers only!),"experiment, survey, language, easy, short",$0.10 ,Tue Feb 26 05:52:54 GMT 2013,6,BatchId:1049404;,3600,604800,Tue Mar 05 05:52:54 GMT 2013,,,2GPBAT2D5NQYVJ0K5BAGATYOYQL73G,A3M8W605O17CKX,Submitted,Tue Feb 26 20:50:08 GMT 2013,Tue Feb 26 20:54:37 GMT 2013,Tue Mar 05 12:54:37 PST 2013,,,,269,100% (1/1),100% (1/1),0% (0/0),4,That's the student that the councilor made skip the road.,That's the ladder that the worker leaned against the wall.,That's the wall that the carpenter broke into several pieces.,That's the intern that the supervisor made return for another shift.,That's the film that the assistant developed in the darkroom.,That's the sprinter that the coach ran for 2 hours.,That's the rabbit that the magician made vanish into thin air.,That's the boy that the instructor made float in the pool.,That's the girl that the teacher played with the doll.,That's the book that the girl made balance on her head.,N,N,Y,Y,Y,Y,Y,Y,Y,N,,,Y,N,10,Mozilla/4.0 (compatible; MSIE 8.0; Windows NT 6.1; Trident/4.0; SLCC2; .NET CLR 2.0.50727; .NET CLR 3.5.30729; .NET CLR 3.0.30729; Media Center PC 6.0; .NET4.0C; .NET4.0E; InfoPath.3),,
24ZMVHVKCJ019YNOJUY9PQW7HJ475Z,2MLW6NG1FS3N614SDQSF4SZL3XGYKS,Grammaticality Judgement Task,Decide whether 10 sentences sound natural or unnatural (Survey for native English speakers only!),"experiment, survey, language, easy, short",$0.10 ,Tue Feb 26 05:52:54 GMT 2013,6,BatchId:1049404;,3600,604800,Tue Mar 05 05:52:54 GMT 2013,,,2IEQU6L5OBVCQFCECF1IOF7I5EMYF2,A2CPRXGR72ZFTE,Submitted,Tue Feb 26 15:20:10 GMT 2013,Tue Feb 26 15:21:23 GMT 2013,Tue Mar 05 07:21:23 PST 2013,,,,73,100% (3/3),100% (2/2),0% (0/0),4,That's the student that the councilor made skip the road.,That's the ladder that the worker leaned against the wall.,That's the wall that the carpenter broke into several pieces.,That's the intern that the supervisor made return for another shift.,That's the film that the assistant developed in the darkroom.,That's the sprinter that the coach ran for 2 hours.,That's the rabbit that the magician made vanish into thin air.,That's the boy that the instructor made float in the pool.,That's the girl that the teacher played with the doll.,That's the book that the girl made balance on her head.,N,N,Y,Y,Y,Y,N,Y,Y,N,Y,N,Y,N,10,Mozilla/5.0 (compatible; MSIE 9.0; Windows NT 6.1; Trident/5.0; SLCC2; .NET CLR 2.0.50727; .NET CLR 3.5.30729; .NET CLR 3.0.30729; Media Center PC 6.0; InfoPath.2; .NET4.0C; .NET4.0E),,
24ZMVHVKCJ019YNOJUY9PQW7HJ475Z,2MLW6NG1FS3N614SDQSF4SZL3XGYKS,Grammaticality Judgement Task,Decide whether 10 sentences sound natural or unnatural (Survey for native English speakers only!),"experiment, survey, language, easy, short",$0.10 ,Tue Feb 26 05:52:54 GMT 2013,6,BatchId:1049404;,3600,604800,Tue Mar 05 05:52:54 GMT 2013,,,2P006UFBNFSVO86WIKWS16NICVSH37,A1RO2HU6UKZZUB,Submitted,Wed Feb 27 04:36:53 GMT 2013,Wed Feb 27 04:38:56 GMT 2013,Tue Mar 05 20:38:56 PST 2013,,,,123,100% (1/1),100% (1/1),0% (0/0),4,That's the student that the councilor made skip the road.,That's the ladder that the worker leaned against the wall.,That's the wall that the carpenter broke into several pieces.,That's the intern that the supervisor made return for another shift.,That's the film that the assistant developed in the darkroom.,That's the sprinter that the coach ran for 2 hours.,That's the rabbit that the magician made vanish into thin air.,That's the boy that the instructor made float in the pool.,That's the girl that the teacher played with the doll.,That's the book that the girl made balance on her head.,N,N,Y,Y,Y,Y,Y,Y,N,N,Y,N,Y,N,10,Mozilla/5.0 (Windows NT 6.2; WOW64; rv:19.0) Gecko/20100101 Firefox/19.0,,
2NFBAT2D5NQYVJ0K5BAGATYN3NC374,2MLW6NG1FS3N614SDQSF4SZL3XGYKS,Grammaticality Judgement Task,Decide whether 10 sentences sound natural or unnatural (Survey for native English speakers only!),"experiment, survey, language, easy, short",$0.10 ,Tue Feb 26 05:52:55 GMT 2013,6,BatchId:1049404;,3600,604800,Tue Mar 05 05:52:55 GMT 2013,,,20V9Z0B6UTO61IZC74MRPGPY39QZOP,A3HMBHM8HJLKRD,Submitted,Tue Feb 26 16:43:35 GMT 2013,Tue Feb 26 16:45:38 GMT 2013,Tue Mar 05 08:45:38 PST 2013,,,,123,88% (14/16),100% (2/2),0% (0/0),5,That's the book that the girl made balance on her head.,That's the girl that the teacher played with the doll.,That's the boy that the instructor made float in the pool.,That's the rabbit that the magician made vanish into thin air.,That's the sprinter that the coach ran for 2 hours.,That's the film that the assistant developed in the darkroom.,That's the intern that the supervisor made return for another shift.,That's the wall that the carpenter broke into several pieces.,That's the ladder that the worker leaned against the wall.,That's the student that the councilor made skip the road.,Y,N,N,Y,Y,Y,Y,Y,Y,Y,Y,N,Y,N,10,Mozilla/5.0 (Windows NT 6.0; rv:18.0) Gecko/20100101 Firefox/18.0,,
2NFBAT2D5NQYVJ0K5BAGATYN3NC374,2MLW6NG1FS3N614SDQSF4SZL3XGYKS,Grammaticality Judgement Task,Decide whether 10 sentences sound natural or unnatural (Survey for native English speakers only!),"experiment, survey, language, easy, short",$0.10 ,Tue Feb 26 05:52:55 GMT 2013,6,BatchId:1049404;,3600,604800,Tue Mar 05 05:52:55 GMT 2013,,,259VKCJ011K2FI4OOVHWB18PFIAA8P,ATNZDP1UKM9P4,Submitted,Tue Feb 26 09:06:38 GMT 2013,Tue Feb 26 09:09:24 GMT 2013,Tue Mar 05 01:09:24 PST 2013,,,,166,100% (1/1),100% (1/1),0% (0/0),5,That's the book that the girl made balance on her head.,That's the girl that the teacher played with the doll.,That's the boy that the instructor made float in the pool.,That's the rabbit that the magician made vanish into thin air.,That's the sprinter that the coach ran for 2 hours.,That's the film that the assistant developed in the darkroom.,That's the intern that the supervisor made return for another shift.,That's the wall that the carpenter broke into several pieces.,That's the ladder that the worker leaned against the wall.,That's the student that the councilor made skip the road.,N,N,N,N,N,Y,Y,N,Y,Y,Y,N,Y,N,10,Mozilla/4.0 (compatible; MSIE 7.0; Windows NT 6.1; Win64; x64; Trident/5.0; .NET CLR 2.0.50727; SLCC2; .NET CLR 3.5.30729; .NET CLR 3.0.30729; Media Center PC 6.0; HPDTDF; .NET4.0C; Tablet PC 2.0),,
2NFBAT2D5NQYVJ0K5BAGATYN3NC374,2MLW6NG1FS3N614SDQSF4SZL3XGYKS,Grammaticality Judgement Task,Decide whether 10 sentences sound natural or unnatural (Survey for native English speakers only!),"experiment, survey, language, easy, short",$0.10 ,Tue Feb 26 05:52:55 GMT 2013,6,BatchId:1049404;,3600,604800,Tue Mar 05 05:52:55 GMT 2013,,,2CZ4J79KQW61G1PN986CI45ZNQ6IKH,A1A03XN33VQGA2,Submitted,Tue Feb 26 08:27:36 GMT 2013,Tue Feb 26 08:28:41 GMT 2013,Tue Mar 05 00:28:41 PST 2013,,,,65,25% (1/4),25% (1/4),0% (0/0),5,That's the book that the girl made balance on her head.,That's the girl that the teacher played with the doll.,That's the boy that the instructor made float in the pool.,That's the rabbit that the magician made vanish into thin air.,That's the sprinter that the coach ran for 2 hours.,That's the film that the assistant developed in the darkroom.,That's the intern that the supervisor made return for another shift.,That's the wall that the carpenter broke into several pieces.,That's the ladder that the worker leaned against the wall.,That's the student that the councilor made skip the road.,N,N,N,Y,Y,N,Y,Y,Y,Y,Y,N,Y,N,10,Mozilla/5.0 (compatible; MSIE 10.0; Windows NT 6.2; WOW64; Trident/6.0; Touch; .NET4.0E; .NET4.0C; Tablet PC 2.0),,
2NFBAT2D5NQYVJ0K5BAGATYN3NC374,2MLW6NG1FS3N614SDQSF4SZL3XGYKS,Grammaticality Judgement Task,Decide whether 10 sentences sound natural or unnatural (Survey for native English speakers only!),"experiment, survey, language, easy, short",$0.10 ,Tue Feb 26 05:52:55 GMT 2013,6,BatchId:1049404;,3600,604800,Tue Mar 05 05:52:55 GMT 2013,,,2DQOCCF0CP5K53EZ2T9X3G4RXMIUVB,ARDQ7EJUEZVXT,Submitted,Wed Feb 27 03:33:56 GMT 2013,Wed Feb 27 03:34:43 GMT 2013,Tue Mar 05 19:34:43 PST 2013,,,,47,100% (1/1),100% (1/1),0% (0/0),5,That's the book that the girl made balance on her head.,That's the girl that the teacher played with the doll.,That's the boy that the instructor made float in the pool.,That's the rabbit that the magician made vanish into thin air.,That's the sprinter that the coach ran for 2 hours.,That's the film that the assistant developed in the darkroom.,That's the intern that the supervisor made return for another shift.,That's the wall that the carpenter broke into several pieces.,That's the ladder that the worker leaned against the wall.,That's the student that the councilor made skip the road.,Y,Y,N,Y,Y,N,Y,Y,Y,Y,Y,N,Y,Y,,,,
2NFBAT2D5NQYVJ0K5BAGATYN3NC374,2MLW6NG1FS3N614SDQSF4SZL3XGYKS,Grammaticality Judgement Task,Decide whether 10 sentences sound natural or unnatural (Survey for native English speakers only!),"experiment, survey, language, easy, short",$0.10 ,Tue Feb 26 05:52:55 GMT 2013,6,BatchId:1049404;,3600,604800,Tue Mar 05 05:52:55 GMT 2013,,,2O8OOGQSCM6IION9TTLUZ00Q1W4GGR,A150TBAWIYV8J4,Submitted,Tue Feb 26 10:17:44 GMT 2013,Tue Feb 26 10:18:47 GMT 2013,Tue Mar 05 02:18:47 PST 2013,,,,63,100% (2/2),100% (2/2),0% (0/0),5,That's the book that the girl made balance on her head.,That's the girl that the teacher played with the doll.,That's the boy that the instructor made float in the pool.,That's the rabbit that the magician made vanish into thin air.,That's the sprinter that the coach ran for 2 hours.,That's the film that the assistant developed in the darkroom.,That's the intern that the supervisor made return for another shift.,That's the wall that the carpenter broke into several pieces.,That's the ladder that the worker leaned against the wall.,That's the student that the councilor made skip the road.,N,N,N,Y,Y,N,Y,Y,Y,Y,,,Y,Y,10,"Mozilla/5.0 (iPad; CPU OS 6_0_1 like Mac OS X) AppleWebKit/536.26 (KHTML, like Gecko) Version/6.0 Mobile/10A523 Safari/8536.25",,
2NFBAT2D5NQYVJ0K5BAGATYN3NC374,2MLW6NG1FS3N614SDQSF4SZL3XGYKS,Grammaticality Judgement Task,Decide whether 10 sentences sound natural or unnatural (Survey for native English speakers only!),"experiment, survey, language, easy, short",$0.10 ,Tue Feb 26 05:52:55 GMT 2013,6,BatchId:1049404;,3600,604800,Tue Mar 05 05:52:55 GMT 2013,,,2SPKO2L92HEC4OREI9FCHF0E0I1GFR,AOKLXHXUNYSP5,Submitted,Tue Feb 26 16:13:28 GMT 2013,Tue Feb 26 16:16:21 GMT 2013,Tue Mar 05 08:16:21 PST 2013,,,,173,100% (1/1),100% (1/1),0% (0/0),5,That's the book that the girl made balance on her head.,That's the girl that the teacher played with the doll.,That's the boy that the instructor made float in the pool.,That's the rabbit that the magician made vanish into thin air.,That's the sprinter that the coach ran for 2 hours.,That's the film that the assistant developed in the darkroom.,That's the intern that the supervisor made return for another shift.,That's the wall that the carpenter broke into several pieces.,That's the ladder that the worker leaned against the wall.,That's the student that the councilor made skip the road.,Y,Y,N,Y,Y,N,N,Y,Y,Y,,,Y,N,10,Mozilla/5.0 (compatible; MSIE 9.0; Windows NT 6.1; WOW64; Trident/5.0; SLCC2; .NET CLR 2.0.50727; .NET CLR 3.5.30729; .NET CLR 3.0.30729; Media Center PC 6.0; .NET4.0C; .NET4.0E; BRI/2),,
2NFBAT2D5NQYVJ0K5BAGATYN3NC374,2MLW6NG1FS3N614SDQSF4SZL3XGYKS,Grammaticality Judgement Task,Decide whether 10 sentences sound natural or unnatural (Survey for native English speakers only!),"experiment, survey, language, easy, short",$0.10 ,Tue Feb 26 05:52:55 GMT 2013,6,BatchId:1049404;,3600,604800,Tue Mar 05 05:52:55 GMT 2013,,,2ZBWKUDD8XMBB4OQEB26ZTO84GHNCF,A268IMQHRU64BH,Submitted,Tue Feb 26 06:05:37 GMT 2013,Tue Feb 26 06:06:49 GMT 2013,Mon Mar 04 22:06:49 PST 2013,,,,72,100% (1/1),100% (1/1),0% (0/0),5,That's the book that the girl made balance on her head.,That's the girl that the teacher played with the doll.,That's the boy that the instructor made float in the pool.,That's the rabbit that the magician made vanish into thin air.,That's the sprinter that the coach ran for 2 hours.,That's the film that the assistant developed in the darkroom.,That's the intern that the supervisor made return for another shift.,That's the wall that the carpenter broke into several pieces.,That's the ladder that the worker leaned against the wall.,That's the student that the councilor made skip the road.,Y,N,N,N,Y,Y,Y,Y,Y,Y,Y,,Y,N,10,Mozilla/5.0 (Windows NT 5.1; rv:19.0) Gecko/20100101 Firefox/19.0,,
2WTNFSVGULF3HJDDLY71KS3OEYZ8MC,2MLW6NG1FS3N614SDQSF4SZL3XGYKS,Grammaticality Judgement Task,Decide whether 10 sentences sound natural or unnatural (Survey for native English speakers only!),"experiment, survey, language, easy, short",$0.10 ,Tue Feb 26 05:52:55 GMT 2013,8,BatchId:1049404;,3600,604800,Wed Mar 06 01:43:27 GMT 2013,,,20YSVQ8H88MQ2K6M3MMCN1RZ8GLQ7K,A1N274L13ZKKI5,Submitted,Tue Feb 26 08:14:31 GMT 2013,Tue Feb 26 08:17:16 GMT 2013,Tue Mar 05 00:17:16 PST 2013,,,,165,100% (3/3),100% (2/2),0% (0/0),6,That's the film that the assistant developed in the darkroom.,That's the idea that the team floated at the meeting.,That's the rabbit that the magician made vanish into thin air.,That's the ladder that the worker made lean against the door.,That's the girl that the teacher played with the doll.,That's the gymnast that the coach balanced on the beam.,That's the student that the councilor made skip the road.,That's the sprinter that the coach made run for 2 hours.,That's the wall that the carpenter broke into several pieces.,That's the book that the student returned to the library.,Y,Y,Y,Y,Y,N,N,N,Y,Y,Y,N,,N,10,Mozilla/5.0 (Windows NT 5.1; rv:14.0) Gecko/20100101 Firefox/14.0.1,,
2WTNFSVGULF3HJDDLY71KS3OEYZ8MC,2MLW6NG1FS3N614SDQSF4SZL3XGYKS,Grammaticality Judgement Task,Decide whether 10 sentences sound natural or unnatural (Survey for native English speakers only!),"experiment, survey, language, easy, short",$0.10 ,Tue Feb 26 05:52:55 GMT 2013,8,BatchId:1049404;,3600,604800,Wed Mar 06 01:43:27 GMT 2013,,,258ULF395SW6VUMW7EEYSJB0QG8DRP,A2UDVKDC54BNK2,Submitted,Wed Feb 27 02:55:20 GMT 2013,Wed Feb 27 02:57:37 GMT 2013,Tue Mar 05 18:57:37 PST 2013,,,,137,100% (1/1),100% (1/1),0% (0/0),6,That's the film that the assistant developed in the darkroom.,That's the idea that the team floated at the meeting.,That's the rabbit that the magician made vanish into thin air.,That's the ladder that the worker made lean against the door.,That's the girl that the teacher played with the doll.,That's the gymnast that the coach balanced on the beam.,That's the student that the councilor made skip the road.,That's the sprinter that the coach made run for 2 hours.,That's the wall that the carpenter broke into several pieces.,That's the book that the student returned to the library.,Y,Y,Y,,,,,,,,,,Y,N,,,,
2WTNFSVGULF3HJDDLY71KS3OEYZ8MC,2MLW6NG1FS3N614SDQSF4SZL3XGYKS,Grammaticality Judgement Task,Decide whether 10 sentences sound natural or unnatural (Survey for native English speakers only!),"experiment, survey, language, easy, short",$0.10 ,Tue Feb 26 05:52:55 GMT 2013,8,BatchId:1049404;,3600,604800,Wed Mar 06 01:43:27 GMT 2013,,,259VKCJ011K2FI4OOVHWB18PFI78AK,A1A03XN33VQGA2,Submitted,Tue Feb 26 08:25:15 GMT 2013,Tue Feb 26 08:26:20 GMT 2013,Tue Mar 05 00:26:20 PST 2013,,,,65,25% (1/4),25% (1/4),0% (0/0),6,That's the film that the assistant developed in the darkroom.,That's the idea that the team floated at the meeting.,That's the rabbit that the magician made vanish into thin air.,That's the ladder that the worker made lean against the door.,That's the girl that the teacher played with the doll.,That's the gymnast that the coach balanced on the beam.,That's the student that the councilor made skip the road.,That's the sprinter that the coach made run for 2 hours.,That's the wall that the carpenter broke into several pieces.,That's the book that the student returned to the library.,Y,Y,N,Y,Y,N,N,N,Y,Y,Y,N,Y,N,10,Mozilla/5.0 (compatible; MSIE 10.0; Windows NT 6.2; WOW64; Trident/6.0; Touch; .NET4.0E; .NET4.0C; Tablet PC 2.0),,
2WTNFSVGULF3HJDDLY71KS3OEYZ8MC,2MLW6NG1FS3N614SDQSF4SZL3XGYKS,Grammaticality Judgement Task,Decide whether 10 sentences sound natural or unnatural (Survey for native English speakers only!),"experiment, survey, language, easy, short",$0.10 ,Tue Feb 26 05:52:55 GMT 2013,8,BatchId:1049404;,3600,604800,Wed Mar 06 01:43:27 GMT 2013,,,25SFK0COK2JE90S6ZV0LWW6QAPRKRV,ADOF6MX5VNTRH,Submitted,Wed Feb 27 00:47:58 GMT 2013,Wed Feb 27 00:50:48 GMT 2013,Tue Mar 05 16:50:48 PST 2013,,,,170,100% (1/1),100% (1/1),0% (0/0),6,That's the film that the assistant developed in the darkroom.,That's the idea that the team floated at the meeting.,That's the rabbit that the magician made vanish into thin air.,That's the ladder that the worker made lean against the door.,That's the girl that the teacher played with the doll.,That's the gymnast that the coach balanced on the beam.,That's the student that the councilor made skip the road.,That's the sprinter that the coach made run for 2 hours.,That's the wall that the carpenter broke into several pieces.,That's the book that the student returned to the library.,Y,Y,N,Y,Y,N,N,N,Y,Y,,,Y,N,10,"Mozilla/5.0 (iPhone; CPU iPhone OS 6_1_2 like Mac OS X; en-us) AppleWebKit/536.26 (KHTML, like Gecko) CriOS/23.0.1271.100 Mobile/10B146 Safari/8536.25 (4E14B3A4-AF83-4AC4-ADB9-7B76851C679A)",,
2WTNFSVGULF3HJDDLY71KS3OEYZ8MC,2MLW6NG1FS3N614SDQSF4SZL3XGYKS,Grammaticality Judgement Task,Decide whether 10 sentences sound natural or unnatural (Survey for native English speakers only!),"experiment, survey, language, easy, short",$0.10 ,Tue Feb 26 05:52:55 GMT 2013,8,BatchId:1049404;,3600,604800,Wed Mar 06 01:43:27 GMT 2013,,,27J24SMEZZ2MQY74O5ZPEY3A4BQ3KP,A297DOVZ0XFWVE,Submitted,Wed Feb 27 03:08:26 GMT 2013,Wed Feb 27 03:09:35 GMT 2013,Tue Mar 05 19:09:35 PST 2013,,,,69,100% (1/1),100% (1/1),0% (0/0),6,That's the film that the assistant developed in the darkroom.,That's the idea that the team floated at the meeting.,That's the rabbit that the magician made vanish into thin air.,That's the ladder that the worker made lean against the door.,That's the girl that the teacher played with the doll.,That's the gymnast that the coach balanced on the beam.,That's the student that the councilor made skip the road.,That's the sprinter that the coach made run for 2 hours.,That's the wall that the carpenter broke into several pieces.,That's the book that the student returned to the library.,Y,Y,Y,Y,N,N,N,N,Y,Y,Y,N,Y,N,,,,
2WTNFSVGULF3HJDDLY71KS3OEYZ8MC,2MLW6NG1FS3N614SDQSF4SZL3XGYKS,Grammaticality Judgement Task,Decide whether 10 sentences sound natural or unnatural (Survey for native English speakers only!),"experiment, survey, language, easy, short",$0.10 ,Tue Feb 26 05:52:55 GMT 2013,8,BatchId:1049404;,3600,604800,Wed Mar 06 01:43:27 GMT 2013,,,28URCJK63ZVEBVCHZ59AV9JNG3BX88,A1MLJ69XSGEYB8,Submitted,Tue Feb 26 07:24:50 GMT 2013,Tue Feb 26 07:26:09 GMT 2013,Mon Mar 04 23:26:09 PST 2013,,,,79,33% (1/3),33% (1/3),0% (0/0),6,That's the film that the assistant developed in the darkroom.,That's the idea that the team floated at the meeting.,That's the rabbit that the magician made vanish into thin air.,That's the ladder that the worker made lean against the door.,That's the girl that the teacher played with the doll.,That's the gymnast that the coach balanced on the beam.,That's the student that the councilor made skip the road.,That's the sprinter that the coach made run for 2 hours.,That's the wall that the carpenter broke into several pieces.,That's the book that the student returned to the library.,Y,Y,Y,Y,N,N,N,N,Y,Y,Y,N,Y,N,10,Mozilla/5.0 (compatible; MSIE 9.0; Windows NT 6.1; WOW64; Trident/5.0; SLCC2; .NET CLR 2.0.50727; .NET CLR 3.5.30729; .NET CLR 3.0.30729; Media Center PC 6.0; InfoPath.2),,
2WTNFSVGULF3HJDDLY71KS3OEYZ8MC,2MLW6NG1FS3N614SDQSF4SZL3XGYKS,Grammaticality Judgement Task,Decide whether 10 sentences sound natural or unnatural (Survey for native English speakers only!),"experiment, survey, language, easy, short",$0.10 ,Tue Feb 26 05:52:55 GMT 2013,8,BatchId:1049404;,3600,604800,Wed Mar 06 01:43:27 GMT 2013,,,2CFJKM05BMJT2VJDHRKPERA93N4DI6,A274FLWJ2ZD2ZH,Submitted,Wed Feb 27 22:49:39 GMT 2013,Wed Feb 27 22:50:55 GMT 2013,Wed Mar 06 14:50:55 PST 2013,,,,76,25% (1/4),25% (1/4),0% (0/0),6,That's the film that the assistant developed in the darkroom.,That's the idea that the team floated at the meeting.,That's the rabbit that the magician made vanish into thin air.,That's the ladder that the worker made lean against the door.,That's the girl that the teacher played with the doll.,That's the gymnast that the coach balanced on the beam.,That's the student that the councilor made skip the road.,That's the sprinter that the coach made run for 2 hours.,That's the wall that the carpenter broke into several pieces.,That's the book that the student returned to the library.,Y,Y,N,Y,Y,N,N,N,Y,Y,Y,N,Y,Y,,,,
2WTNFSVGULF3HJDDLY71KS3OEYZ8MC,2MLW6NG1FS3N614SDQSF4SZL3XGYKS,Grammaticality Judgement Task,Decide whether 10 sentences sound natural or unnatural (Survey for native English speakers only!),"experiment, survey, language, easy, short",$0.10 ,Tue Feb 26 05:52:55 GMT 2013,8,BatchId:1049404;,3600,604800,Wed Mar 06 01:43:27 GMT 2013,,,2UA62NJQ21727NU7WH2KQCVGM68OW8,A2T5YVU37RBCCP,Submitted,Tue Feb 26 07:09:30 GMT 2013,Tue Feb 26 07:11:07 GMT 2013,Mon Mar 04 23:11:07 PST 2013,,,,97,100% (2/2),100% (2/2),0% (0/0),6,That's the film that the assistant developed in the darkroom.,That's the idea that the team floated at the meeting.,That's the rabbit that the magician made vanish into thin air.,That's the ladder that the worker made lean against the door.,That's the girl that the teacher played with the doll.,That's the gymnast that the coach balanced on the beam.,That's the student that the councilor made skip the road.,That's the sprinter that the coach made run for 2 hours.,That's the wall that the carpenter broke into several pieces.,That's the book that the student returned to the library.,Y,Y,Y,Y,N,N,N,N,Y,Y,Y,N,Y,N,10,Mozilla/5.0 (Macintosh; Intel Mac OS X 10.6; rv:19.0) Gecko/20100101 Firefox/19.0,,
2WTNFSVGULF3HJDDLY71KS3OEYZ8MC,2MLW6NG1FS3N614SDQSF4SZL3XGYKS,Grammaticality Judgement Task,Decide whether 10 sentences sound natural or unnatural (Survey for native English speakers only!),"experiment, survey, language, easy, short",$0.10 ,Tue Feb 26 05:52:55 GMT 2013,8,BatchId:1049404;,3600,604800,Wed Mar 06 01:43:27 GMT 2013,,,2XIYN5F3Q0JGD7J32NNYG49HKHQFBE,A39FH0T1NKKMVO,Submitted,Sat Mar 02 04:52:43 GMT 2013,Sat Mar 02 04:53:48 GMT 2013,Fri Mar 08 20:53:48 PST 2013,,,,65,100% (2/2),100% (2/2),0% (0/0),6,That's the film that the assistant developed in the darkroom.,That's the idea that the team floated at the meeting.,That's the rabbit that the magician made vanish into thin air.,That's the ladder that the worker made lean against the door.,That's the girl that the teacher played with the doll.,That's the gymnast that the coach balanced on the beam.,That's the student that the councilor made skip the road.,That's the sprinter that the coach made run for 2 hours.,That's the wall that the carpenter broke into several pieces.,That's the book that the student returned to the library.,Y,Y,Y,Y,Y,N,N,Y,Y,Y,Y,N,Y,N,10,Mozilla/5.0 (Windows NT 6.1; WOW64; rv:19.0) Gecko/20100101 Firefox/19.0,,
2TK6DG67D1X33E01FNFK7JE22I69GV,2MLW6NG1FS3N614SDQSF4SZL3XGYKS,Grammaticality Judgement Task,Decide whether 10 sentences sound natural or unnatural (Survey for native English speakers only!),"experiment, survey, language, easy, short",$0.10 ,Tue Feb 26 05:52:55 GMT 2013,6,BatchId:1049404;,3600,604800,Tue Mar 05 05:52:55 GMT 2013,,,2790JPPSI2KYM3694IWKQM6YUKYJP2,A39APWH62XBLR9,Submitted,Wed Feb 27 16:40:16 GMT 2013,Wed Feb 27 16:41:35 GMT 2013,Wed Mar 06 08:41:35 PST 2013,,,,79,100% (2/2),100% (2/2),0% (0/0),7,That's the book that the student returned to the library.,That's the wall that the carpenter broke into several pieces.,That's the sprinter that the coach made run for 2 hours.,That's the student that the councilor made skip the road.,That's the gymnast that the coach balanced on the beam.,That's the girl that the teacher played with the doll.,That's the ladder that the worker made lean against the door.,That's the rabbit that the magician made vanish into thin air.,That's the idea that the team floated at the meeting.,That's the film that the assistant developed in the darkroom.,Y,Y,N,Y,N,N,N,Y,Y,Y,,,Y,N,10,Mozilla/5.0 (compatible; MSIE 9.0; Windows NT 6.1; WOW64; Trident/5.0; SLCC2; .NET CLR 2.0.50727; .NET CLR 3.5.30729; .NET CLR 3.0.30729; Media Center PC 6.0; HPNTDF; .NET4.0C; .NET4.0E; .NET CLR 1.1.4322),,
2TK6DG67D1X33E01FNFK7JE22I69GV,2MLW6NG1FS3N614SDQSF4SZL3XGYKS,Grammaticality Judgement Task,Decide whether 10 sentences sound natural or unnatural (Survey for native English speakers only!),"experiment, survey, language, easy, short",$0.10 ,Tue Feb 26 05:52:55 GMT 2013,6,BatchId:1049404;,3600,604800,Tue Mar 05 05:52:55 GMT 2013,,,27P2Q45UUKQO6U8ZBCESDOG2CCAUCE,A2LV5QYHH24OMY,Submitted,Tue Feb 26 06:11:47 GMT 2013,Tue Feb 26 06:14:12 GMT 2013,Mon Mar 04 22:14:12 PST 2013,,,,145,100% (1/1),100% (1/1),0% (0/0),7,That's the book that the student returned to the library.,That's the wall that the carpenter broke into several pieces.,That's the sprinter that the coach made run for 2 hours.,That's the student that the councilor made skip the road.,That's the gymnast that the coach balanced on the beam.,That's the girl that the teacher played with the doll.,That's the ladder that the worker made lean against the door.,That's the rabbit that the magician made vanish into thin air.,That's the idea that the team floated at the meeting.,That's the film that the assistant developed in the darkroom.,Y,Y,Y,Y,N,Y,N,Y,Y,Y,Y,N,Y,Y,10,Mozilla/5.0 (Windows NT 6.0; rv:19.0) Gecko/20100101 Firefox/19.0,,
2TK6DG67D1X33E01FNFK7JE22I69GV,2MLW6NG1FS3N614SDQSF4SZL3XGYKS,Grammaticality Judgement Task,Decide whether 10 sentences sound natural or unnatural (Survey for native English speakers only!),"experiment, survey, language, easy, short",$0.10 ,Tue Feb 26 05:52:55 GMT 2013,6,BatchId:1049404;,3600,604800,Tue Mar 05 05:52:55 GMT 2013,,,2JUNJKM05BMJ182FBD7TU9RCI4JCH6,A1T79J0XQXDDGC,Submitted,Tue Feb 26 08:47:10 GMT 2013,Tue Feb 26 08:48:41 GMT 2013,Tue Mar 05 00:48:41 PST 2013,,,,91,100% (1/1),100% (1/1),0% (0/0),7,That's the book that the student returned to the library.,That's the wall that the carpenter broke into several pieces.,That's the sprinter that the coach made run for 2 hours.,That's the student that the councilor made skip the road.,That's the gymnast that the coach balanced on the beam.,That's the girl that the teacher played with the doll.,That's the ladder that the worker made lean against the door.,That's the rabbit that the magician made vanish into thin air.,That's the idea that the team floated at the meeting.,That's the film that the assistant developed in the darkroom.,Y,Y,N,N,N,N,N,Y,Y,Y,Y,N,Y,N,10,Mozilla/5.0 (Windows NT 6.2; rv:18.0) Gecko/20100101 Firefox/18.0,,
2TK6DG67D1X33E01FNFK7JE22I69GV,2MLW6NG1FS3N614SDQSF4SZL3XGYKS,Grammaticality Judgement Task,Decide whether 10 sentences sound natural or unnatural (Survey for native English speakers only!),"experiment, survey, language, easy, short",$0.10 ,Tue Feb 26 05:52:55 GMT 2013,6,BatchId:1049404;,3600,604800,Tue Mar 05 05:52:55 GMT 2013,,,2O4WA6X3YOCCNEX6KVOPYINKT96OPE,A3H4UWSNYROIM2,Submitted,Tue Feb 26 07:18:03 GMT 2013,Tue Feb 26 07:19:05 GMT 2013,Mon Mar 04 23:19:05 PST 2013,,,,62,100% (1/1),100% (1/1),0% (0/0),7,That's the book that the student returned to the library.,That's the wall that the carpenter broke into several pieces.,That's the sprinter that the coach made run for 2 hours.,That's the student that the councilor made skip the road.,That's the gymnast that the coach balanced on the beam.,That's the girl that the teacher played with the doll.,That's the ladder that the worker made lean against the door.,That's the rabbit that the magician made vanish into thin air.,That's the idea that the team floated at the meeting.,That's the film that the assistant developed in the darkroom.,Y,Y,Y,N,N,Y,N,N,Y,Y,,,N,Y,,,,
2TK6DG67D1X33E01FNFK7JE22I69GV,2MLW6NG1FS3N614SDQSF4SZL3XGYKS,Grammaticality Judgement Task,Decide whether 10 sentences sound natural or unnatural (Survey for native English speakers only!),"experiment, survey, language, easy, short",$0.10 ,Tue Feb 26 05:52:55 GMT 2013,6,BatchId:1049404;,3600,604800,Tue Mar 05 05:52:55 GMT 2013,,,2ZOZ9RNDWIOV96S92E4TLU159P6UFT,A345ITROB8ZNCQ,Submitted,Tue Feb 26 07:03:55 GMT 2013,Tue Feb 26 07:04:57 GMT 2013,Mon Mar 04 23:04:57 PST 2013,,,,62,100% (1/1),100% (1/1),0% (0/0),7,That's the book that the student returned to the library.,That's the wall that the carpenter broke into several pieces.,That's the sprinter that the coach made run for 2 hours.,That's the student that the councilor made skip the road.,That's the gymnast that the coach balanced on the beam.,That's the girl that the teacher played with the doll.,That's the ladder that the worker made lean against the door.,That's the rabbit that the magician made vanish into thin air.,That's the idea that the team floated at the meeting.,That's the film that the assistant developed in the darkroom.,Y,Y,Y,Y,N,Y,N,Y,Y,Y,Y,N,Y,Y,,,,
2TK6DG67D1X33E01FNFK7JE22I69GV,2MLW6NG1FS3N614SDQSF4SZL3XGYKS,Grammaticality Judgement Task,Decide whether 10 sentences sound natural or unnatural (Survey for native English speakers only!),"experiment, survey, language, easy, short",$0.10 ,Tue Feb 26 05:52:55 GMT 2013,6,BatchId:1049404;,3600,604800,Tue Mar 05 05:52:55 GMT 2013,,,2ZOZ9RNDWIOV96S92E4TLU159RVFU7,A2GJ4BIQ58ZOPD,Submitted,Tue Feb 26 21:38:04 GMT 2013,Tue Feb 26 21:39:51 GMT 2013,Tue Mar 05 13:39:51 PST 2013,,,,107,100% (3/3),100% (3/3),0% (0/0),7,That's the book that the student returned to the library.,That's the wall that the carpenter broke into several pieces.,That's the sprinter that the coach made run for 2 hours.,That's the student that the councilor made skip the road.,That's the gymnast that the coach balanced on the beam.,That's the girl that the teacher played with the doll.,That's the ladder that the worker made lean against the door.,That's the rabbit that the magician made vanish into thin air.,That's the idea that the team floated at the meeting.,That's the film that the assistant developed in the darkroom.,Y,Y,Y,Y,N,Y,N,Y,Y,Y,Y,N,Y,N,10,Mozilla/5.0 (Windows NT 6.1; WOW64; rv:18.0) Gecko/20100101 Firefox/18.0,,
